{
    "PoolName": "MyUserPool",
    "Policies": {
        "PasswordPolicy": {
            "MinimumLength": 8,
            "RequireUppercase": true,
            "RequireLowercase": true,
            "RequireNumbers": true,
            "RequireSymbols": true,
            "TemporaryPasswordValidityDays": 5
        }
    },

    "AutoVerifiedAttributes": [
        "email"
    ],

    "UsernameAttributes": [
        "email"
    ],
    "EmailVerificationMessage": "El teu codi de verificació és {####}",
    "EmailVerificationSubject": "El teu codi per MyApp",
    "MfaConfiguration": "OFF",
    "UserPoolTags": {
        "Env": "DEV"
    },
    "AdminCreateUserConfig": {
        "AllowAdminCreateUserOnly": false,
        "InviteMessageTemplate": {
            "EmailMessage": "Aquesta es la teva contrasenya {username} {####}",
            "EmailSubject": "El teu compte de MyApp"
        }
    },
    "UsernameConfiguration": {
        "CaseSensitive": false
    },
    "AccountRecoverySetting": {
        "RecoveryMechanisms": [
            {
                "Priority": 1,
                "Name": "verified_email"
            }
        ]
    }
}
