{
  "service": {
    "service": "apiGames",
    "serviceObject": {
      "name": "apiGames"
    },
    "provider": {
      "stage": "dev",
      "variableSyntax": "\\${([^{}]+?)}",
      "name": "aws",
      "runtime": "python3.8",
      "region": "eu-central-1",
      "environment": {
        "CLIENT_ID": {
          "Ref": "MyCognitoPoolClient"
        }
      },
      "iamRoleStatements": [
        {
          "Effect": "Allow",
          "Action": [
            "dynamodb:Query",
            "dynamodb:Scan",
            "dynamodb:GetItem",
            "dynamodb:PutItem",
            "dynamodb:UpdateItem",
            "dynamodb:DeleteItem"
          ],
          "Resource": {
            "Fn::GetAtt": [
              "Books2",
              "Arn"
            ]
          }
        }
      ],
      "endpointType": "REGIONAL",
      "apiName": "apiGames-dev",
      "apiKeys": [
        "apiKeyGames-dev"
      ],
      "usagePlan": {
        "quota": {
          "limit": 1000,
          "offset": 0,
          "period": "DAY"
        },
        "throttle": {
          "burstLimit": 200,
          "rateLimit": 100
        }
      },
      "versionFunctions": true,
      "remoteFunctionData": null,
      "compiledCloudFormationTemplate": {
        "AWSTemplateFormatVersion": "2010-09-09",
        "Description": "The AWS CloudFormation template for this Serverless application",
        "Resources": {
          "ServerlessDeploymentBucket": {
            "Type": "AWS::S3::Bucket",
            "Properties": {
              "BucketEncryption": {
                "ServerSideEncryptionConfiguration": [
                  {
                    "ServerSideEncryptionByDefault": {
                      "SSEAlgorithm": "AES256"
                    }
                  }
                ]
              }
            }
          },
          "ServerlessDeploymentBucketPolicy": {
            "Type": "AWS::S3::BucketPolicy",
            "Properties": {
              "Bucket": {
                "Ref": "ServerlessDeploymentBucket"
              },
              "PolicyDocument": {
                "Statement": [
                  {
                    "Action": "s3:*",
                    "Effect": "Deny",
                    "Principal": "*",
                    "Resource": [
                      {
                        "Fn::Join": [
                          "",
                          [
                            "arn:",
                            {
                              "Ref": "AWS::Partition"
                            },
                            ":s3:::",
                            {
                              "Ref": "ServerlessDeploymentBucket"
                            },
                            "/*"
                          ]
                        ]
                      }
                    ],
                    "Condition": {
                      "Bool": {
                        "aws:SecureTransport": false
                      }
                    }
                  }
                ]
              }
            }
          },
          "ReadLogGroup": {
            "Type": "AWS::Logs::LogGroup",
            "Properties": {
              "LogGroupName": "/aws/lambda/apiGames-dev-read"
            }
          },
          "CreateLogGroup": {
            "Type": "AWS::Logs::LogGroup",
            "Properties": {
              "LogGroupName": "/aws/lambda/apiGames-dev-create"
            }
          },
          "DeleteLogGroup": {
            "Type": "AWS::Logs::LogGroup",
            "Properties": {
              "LogGroupName": "/aws/lambda/apiGames-dev-delete"
            }
          },
          "LoginLogGroup": {
            "Type": "AWS::Logs::LogGroup",
            "Properties": {
              "LogGroupName": "/aws/lambda/apiGames-dev-login"
            }
          },
          "SignupLogGroup": {
            "Type": "AWS::Logs::LogGroup",
            "Properties": {
              "LogGroupName": "/aws/lambda/apiGames-dev-signup"
            }
          },
          "ConfirmsignupLogGroup": {
            "Type": "AWS::Logs::LogGroup",
            "Properties": {
              "LogGroupName": "/aws/lambda/apiGames-dev-confirmsignup"
            }
          },
          "IamRoleLambdaExecution": {
            "Type": "AWS::IAM::Role",
            "Properties": {
              "AssumeRolePolicyDocument": {
                "Version": "2012-10-17",
                "Statement": [
                  {
                    "Effect": "Allow",
                    "Principal": {
                      "Service": [
                        "lambda.amazonaws.com"
                      ]
                    },
                    "Action": [
                      "sts:AssumeRole"
                    ]
                  }
                ]
              },
              "Policies": [
                {
                  "PolicyName": {
                    "Fn::Join": [
                      "-",
                      [
                        "apiGames",
                        "dev",
                        "lambda"
                      ]
                    ]
                  },
                  "PolicyDocument": {
                    "Version": "2012-10-17",
                    "Statement": [
                      {
                        "Effect": "Allow",
                        "Action": [
                          "logs:CreateLogStream",
                          "logs:CreateLogGroup"
                        ],
                        "Resource": [
                          {
                            "Fn::Sub": "arn:${AWS::Partition}:logs:${AWS::Region}:${AWS::AccountId}:log-group:/aws/lambda/apiGames-dev*:*"
                          }
                        ]
                      },
                      {
                        "Effect": "Allow",
                        "Action": [
                          "logs:PutLogEvents"
                        ],
                        "Resource": [
                          {
                            "Fn::Sub": "arn:${AWS::Partition}:logs:${AWS::Region}:${AWS::AccountId}:log-group:/aws/lambda/apiGames-dev*:*:*"
                          }
                        ]
                      },
                      {
                        "$ref": "$[\"service\"][\"provider\"][\"iamRoleStatements\"][0]"
                      }
                    ]
                  }
                }
              ],
              "Path": "/",
              "RoleName": {
                "Fn::Join": [
                  "-",
                  [
                    "apiGames",
                    "dev",
                    {
                      "Ref": "AWS::Region"
                    },
                    "lambdaRole"
                  ]
                ]
              }
            }
          },
          "ReadLambdaFunction": {
            "Type": "AWS::Lambda::Function",
            "Properties": {
              "Code": {
                "S3Bucket": {
                  "Ref": "ServerlessDeploymentBucket"
                },
                "S3Key": "serverless/apiGames/dev/1595500946834-2020-07-23T10:42:26.834Z/apiGames.zip"
              },
              "FunctionName": "apiGames-dev-read",
              "Handler": "games/read.handler",
              "MemorySize": 1024,
              "Role": {
                "Fn::GetAtt": [
                  "IamRoleLambdaExecution",
                  "Arn"
                ]
              },
              "Runtime": "python3.8",
              "Timeout": 6,
              "Environment": {
                "Variables": {
                  "CLIENT_ID": {
                    "$ref": "$[\"service\"][\"provider\"][\"environment\"][\"CLIENT_ID\"]"
                  }
                }
              }
            },
            "DependsOn": [
              "ReadLogGroup"
            ]
          },
          "ReadLambdaVersionCZp0zFDFCONg2IOMgonmhIB30IdupLeVOZBTwEoCi4": {
            "Type": "AWS::Lambda::Version",
            "DeletionPolicy": "Retain",
            "Properties": {
              "FunctionName": {
                "Ref": "ReadLambdaFunction"
              },
              "CodeSha256": "7YMqI9pof/PI+lo6uViSeg62Mp+j3EOTcn59dFxD/6c="
            }
          },
          "CreateLambdaFunction": {
            "Type": "AWS::Lambda::Function",
            "Properties": {
              "Code": {
                "S3Bucket": {
                  "Ref": "ServerlessDeploymentBucket"
                },
                "S3Key": "serverless/apiGames/dev/1595500946834-2020-07-23T10:42:26.834Z/apiGames.zip"
              },
              "FunctionName": "apiGames-dev-create",
              "Handler": "games/create.handler",
              "MemorySize": 1024,
              "Role": {
                "Fn::GetAtt": [
                  "IamRoleLambdaExecution",
                  "Arn"
                ]
              },
              "Runtime": "python3.8",
              "Timeout": 6,
              "Environment": {
                "Variables": {
                  "CLIENT_ID": {
                    "$ref": "$[\"service\"][\"provider\"][\"environment\"][\"CLIENT_ID\"]"
                  }
                }
              }
            },
            "DependsOn": [
              "CreateLogGroup"
            ]
          },
          "CreateLambdaVersionSNl5SRQ96rJbpPnxnX30MzmSxOfAuAGPmY6wD5H8GM": {
            "Type": "AWS::Lambda::Version",
            "DeletionPolicy": "Retain",
            "Properties": {
              "FunctionName": {
                "Ref": "CreateLambdaFunction"
              },
              "CodeSha256": "7YMqI9pof/PI+lo6uViSeg62Mp+j3EOTcn59dFxD/6c="
            }
          },
          "DeleteLambdaFunction": {
            "Type": "AWS::Lambda::Function",
            "Properties": {
              "Code": {
                "S3Bucket": {
                  "Ref": "ServerlessDeploymentBucket"
                },
                "S3Key": "serverless/apiGames/dev/1595500946834-2020-07-23T10:42:26.834Z/apiGames.zip"
              },
              "FunctionName": "apiGames-dev-delete",
              "Handler": "games/delete.handler",
              "MemorySize": 1024,
              "Role": {
                "Fn::GetAtt": [
                  "IamRoleLambdaExecution",
                  "Arn"
                ]
              },
              "Runtime": "python3.8",
              "Timeout": 6,
              "Environment": {
                "Variables": {
                  "CLIENT_ID": {
                    "$ref": "$[\"service\"][\"provider\"][\"environment\"][\"CLIENT_ID\"]"
                  }
                }
              }
            },
            "DependsOn": [
              "DeleteLogGroup"
            ]
          },
          "DeleteLambdaVersion2lS7HIGqMC42eTpKoxV0uK1GhUYTkDGc7Fnoz9rNuc": {
            "Type": "AWS::Lambda::Version",
            "DeletionPolicy": "Retain",
            "Properties": {
              "FunctionName": {
                "Ref": "DeleteLambdaFunction"
              },
              "CodeSha256": "7YMqI9pof/PI+lo6uViSeg62Mp+j3EOTcn59dFxD/6c="
            }
          },
          "LoginLambdaFunction": {
            "Type": "AWS::Lambda::Function",
            "Properties": {
              "Code": {
                "S3Bucket": {
                  "Ref": "ServerlessDeploymentBucket"
                },
                "S3Key": "serverless/apiGames/dev/1595500946834-2020-07-23T10:42:26.834Z/apiGames.zip"
              },
              "FunctionName": "apiGames-dev-login",
              "Handler": "users/login.handler",
              "MemorySize": 1024,
              "Role": {
                "Fn::GetAtt": [
                  "IamRoleLambdaExecution",
                  "Arn"
                ]
              },
              "Runtime": "python3.8",
              "Timeout": 6,
              "Environment": {
                "Variables": {
                  "CLIENT_ID": {
                    "$ref": "$[\"service\"][\"provider\"][\"environment\"][\"CLIENT_ID\"]"
                  }
                }
              }
            },
            "DependsOn": [
              "LoginLogGroup"
            ]
          },
          "LoginLambdaVersionIt4jLUGSoEoQuuBoyrwuJo3sBb1OXBHjpnBqkbWXw": {
            "Type": "AWS::Lambda::Version",
            "DeletionPolicy": "Retain",
            "Properties": {
              "FunctionName": {
                "Ref": "LoginLambdaFunction"
              },
              "CodeSha256": "7YMqI9pof/PI+lo6uViSeg62Mp+j3EOTcn59dFxD/6c="
            }
          },
          "SignupLambdaFunction": {
            "Type": "AWS::Lambda::Function",
            "Properties": {
              "Code": {
                "S3Bucket": {
                  "Ref": "ServerlessDeploymentBucket"
                },
                "S3Key": "serverless/apiGames/dev/1595500946834-2020-07-23T10:42:26.834Z/apiGames.zip"
              },
              "FunctionName": "apiGames-dev-signup",
              "Handler": "users/signup.handler",
              "MemorySize": 1024,
              "Role": {
                "Fn::GetAtt": [
                  "IamRoleLambdaExecution",
                  "Arn"
                ]
              },
              "Runtime": "python3.8",
              "Timeout": 6,
              "Environment": {
                "Variables": {
                  "CLIENT_ID": {
                    "$ref": "$[\"service\"][\"provider\"][\"environment\"][\"CLIENT_ID\"]"
                  }
                }
              }
            },
            "DependsOn": [
              "SignupLogGroup"
            ]
          },
          "SignupLambdaVersionsPP1Fy2VI8lQz4MvByj8lTXojm3E24ppmAWpwNuXrc": {
            "Type": "AWS::Lambda::Version",
            "DeletionPolicy": "Retain",
            "Properties": {
              "FunctionName": {
                "Ref": "SignupLambdaFunction"
              },
              "CodeSha256": "7YMqI9pof/PI+lo6uViSeg62Mp+j3EOTcn59dFxD/6c="
            }
          },
          "ConfirmsignupLambdaFunction": {
            "Type": "AWS::Lambda::Function",
            "Properties": {
              "Code": {
                "S3Bucket": {
                  "Ref": "ServerlessDeploymentBucket"
                },
                "S3Key": "serverless/apiGames/dev/1595500946834-2020-07-23T10:42:26.834Z/apiGames.zip"
              },
              "FunctionName": "apiGames-dev-confirmsignup",
              "Handler": "users/confirmsignup.handler",
              "MemorySize": 1024,
              "Role": {
                "Fn::GetAtt": [
                  "IamRoleLambdaExecution",
                  "Arn"
                ]
              },
              "Runtime": "python3.8",
              "Timeout": 6,
              "Environment": {
                "Variables": {
                  "CLIENT_ID": {
                    "$ref": "$[\"service\"][\"provider\"][\"environment\"][\"CLIENT_ID\"]"
                  }
                }
              }
            },
            "DependsOn": [
              "ConfirmsignupLogGroup"
            ]
          },
          "ConfirmsignupLambdaVersionleiZtOKi0u2hOd9hTsa2wm49JQmMjldsVZKtzno4Fh8": {
            "Type": "AWS::Lambda::Version",
            "DeletionPolicy": "Retain",
            "Properties": {
              "FunctionName": {
                "Ref": "ConfirmsignupLambdaFunction"
              },
              "CodeSha256": "7YMqI9pof/PI+lo6uViSeg62Mp+j3EOTcn59dFxD/6c="
            }
          },
          "ApiGatewayRestApi": {
            "Type": "AWS::ApiGateway::RestApi",
            "Properties": {
              "Name": "apiGames-dev",
              "EndpointConfiguration": {
                "Types": [
                  "REGIONAL"
                ]
              },
              "Policy": ""
            }
          },
          "ApiGatewayResourceGames": {
            "Type": "AWS::ApiGateway::Resource",
            "Properties": {
              "ParentId": {
                "Fn::GetAtt": [
                  "ApiGatewayRestApi",
                  "RootResourceId"
                ]
              },
              "PathPart": "games",
              "RestApiId": {
                "Ref": "ApiGatewayRestApi"
              }
            }
          },
          "ApiGatewayResourceGamesIdVar": {
            "Type": "AWS::ApiGateway::Resource",
            "Properties": {
              "ParentId": {
                "Ref": "ApiGatewayResourceGames"
              },
              "PathPart": "{id}",
              "RestApiId": {
                "Ref": "ApiGatewayRestApi"
              }
            }
          },
          "ApiGatewayResourceLogin": {
            "Type": "AWS::ApiGateway::Resource",
            "Properties": {
              "ParentId": {
                "Fn::GetAtt": [
                  "ApiGatewayRestApi",
                  "RootResourceId"
                ]
              },
              "PathPart": "login",
              "RestApiId": {
                "Ref": "ApiGatewayRestApi"
              }
            }
          },
          "ApiGatewayResourceSignup": {
            "Type": "AWS::ApiGateway::Resource",
            "Properties": {
              "ParentId": {
                "Fn::GetAtt": [
                  "ApiGatewayRestApi",
                  "RootResourceId"
                ]
              },
              "PathPart": "signup",
              "RestApiId": {
                "Ref": "ApiGatewayRestApi"
              }
            }
          },
          "ApiGatewayResourceConfirmsignup": {
            "Type": "AWS::ApiGateway::Resource",
            "Properties": {
              "ParentId": {
                "Fn::GetAtt": [
                  "ApiGatewayRestApi",
                  "RootResourceId"
                ]
              },
              "PathPart": "confirmsignup",
              "RestApiId": {
                "Ref": "ApiGatewayRestApi"
              }
            }
          },
          "ApiGatewayMethodGamesOptions": {
            "Type": "AWS::ApiGateway::Method",
            "Properties": {
              "AuthorizationType": "NONE",
              "HttpMethod": "OPTIONS",
              "MethodResponses": [
                {
                  "StatusCode": "200",
                  "ResponseParameters": {
                    "method.response.header.Access-Control-Allow-Origin": true,
                    "method.response.header.Access-Control-Allow-Headers": true,
                    "method.response.header.Access-Control-Allow-Methods": true
                  },
                  "ResponseModels": {}
                }
              ],
              "RequestParameters": {},
              "Integration": {
                "Type": "MOCK",
                "RequestTemplates": {
                  "application/json": "{statusCode:200}"
                },
                "ContentHandling": "CONVERT_TO_TEXT",
                "IntegrationResponses": [
                  {
                    "StatusCode": "200",
                    "ResponseParameters": {
                      "method.response.header.Access-Control-Allow-Origin": "'*'",
                      "method.response.header.Access-Control-Allow-Headers": "'Content-Type,X-Amz-Date,Authorization,X-Api-Key,X-Amz-Security-Token,X-Amz-User-Agent'",
                      "method.response.header.Access-Control-Allow-Methods": "'OPTIONS,DELETE,POST,GET'"
                    },
                    "ResponseTemplates": {
                      "application/json": "#set($origin = $input.params(\"Origin\"))\n#if($origin == \"\") #set($origin = $input.params(\"origin\")) #end\n#if($origin.matches(\".+\")) #set($context.responseOverride.header.Access-Control-Allow-Origin = $origin) #end"
                    }
                  }
                ]
              },
              "ResourceId": {
                "Ref": "ApiGatewayResourceGames"
              },
              "RestApiId": {
                "Ref": "ApiGatewayRestApi"
              }
            }
          },
          "ApiGatewayMethodGamesIdVarOptions": {
            "Type": "AWS::ApiGateway::Method",
            "Properties": {
              "AuthorizationType": "NONE",
              "HttpMethod": "OPTIONS",
              "MethodResponses": [
                {
                  "StatusCode": "200",
                  "ResponseParameters": {
                    "method.response.header.Access-Control-Allow-Origin": true,
                    "method.response.header.Access-Control-Allow-Headers": true,
                    "method.response.header.Access-Control-Allow-Methods": true
                  },
                  "ResponseModels": {}
                }
              ],
              "RequestParameters": {},
              "Integration": {
                "Type": "MOCK",
                "RequestTemplates": {
                  "application/json": "{statusCode:200}"
                },
                "ContentHandling": "CONVERT_TO_TEXT",
                "IntegrationResponses": [
                  {
                    "StatusCode": "200",
                    "ResponseParameters": {
                      "method.response.header.Access-Control-Allow-Origin": "'*'",
                      "method.response.header.Access-Control-Allow-Headers": "'Content-Type,X-Amz-Date,Authorization,X-Api-Key,X-Amz-Security-Token,X-Amz-User-Agent'",
                      "method.response.header.Access-Control-Allow-Methods": "'OPTIONS,GET'"
                    },
                    "ResponseTemplates": {
                      "application/json": "#set($origin = $input.params(\"Origin\"))\n#if($origin == \"\") #set($origin = $input.params(\"origin\")) #end\n#if($origin.matches(\".+\")) #set($context.responseOverride.header.Access-Control-Allow-Origin = $origin) #end"
                    }
                  }
                ]
              },
              "ResourceId": {
                "Ref": "ApiGatewayResourceGamesIdVar"
              },
              "RestApiId": {
                "Ref": "ApiGatewayRestApi"
              }
            }
          },
          "ApiGatewayMethodLoginOptions": {
            "Type": "AWS::ApiGateway::Method",
            "Properties": {
              "AuthorizationType": "NONE",
              "HttpMethod": "OPTIONS",
              "MethodResponses": [
                {
                  "StatusCode": "200",
                  "ResponseParameters": {
                    "method.response.header.Access-Control-Allow-Origin": true,
                    "method.response.header.Access-Control-Allow-Headers": true,
                    "method.response.header.Access-Control-Allow-Methods": true
                  },
                  "ResponseModels": {}
                }
              ],
              "RequestParameters": {},
              "Integration": {
                "Type": "MOCK",
                "RequestTemplates": {
                  "application/json": "{statusCode:200}"
                },
                "ContentHandling": "CONVERT_TO_TEXT",
                "IntegrationResponses": [
                  {
                    "StatusCode": "200",
                    "ResponseParameters": {
                      "method.response.header.Access-Control-Allow-Origin": "'*'",
                      "method.response.header.Access-Control-Allow-Headers": "'Content-Type,X-Amz-Date,Authorization,X-Api-Key,X-Amz-Security-Token,X-Amz-User-Agent'",
                      "method.response.header.Access-Control-Allow-Methods": "'OPTIONS,POST'"
                    },
                    "ResponseTemplates": {
                      "application/json": "#set($origin = $input.params(\"Origin\"))\n#if($origin == \"\") #set($origin = $input.params(\"origin\")) #end\n#if($origin.matches(\".+\")) #set($context.responseOverride.header.Access-Control-Allow-Origin = $origin) #end"
                    }
                  }
                ]
              },
              "ResourceId": {
                "Ref": "ApiGatewayResourceLogin"
              },
              "RestApiId": {
                "Ref": "ApiGatewayRestApi"
              }
            }
          },
          "ApiGatewayMethodSignupOptions": {
            "Type": "AWS::ApiGateway::Method",
            "Properties": {
              "AuthorizationType": "NONE",
              "HttpMethod": "OPTIONS",
              "MethodResponses": [
                {
                  "StatusCode": "200",
                  "ResponseParameters": {
                    "method.response.header.Access-Control-Allow-Origin": true,
                    "method.response.header.Access-Control-Allow-Headers": true,
                    "method.response.header.Access-Control-Allow-Methods": true
                  },
                  "ResponseModels": {}
                }
              ],
              "RequestParameters": {},
              "Integration": {
                "Type": "MOCK",
                "RequestTemplates": {
                  "application/json": "{statusCode:200}"
                },
                "ContentHandling": "CONVERT_TO_TEXT",
                "IntegrationResponses": [
                  {
                    "StatusCode": "200",
                    "ResponseParameters": {
                      "method.response.header.Access-Control-Allow-Origin": "'*'",
                      "method.response.header.Access-Control-Allow-Headers": "'Content-Type,X-Amz-Date,Authorization,X-Api-Key,X-Amz-Security-Token,X-Amz-User-Agent'",
                      "method.response.header.Access-Control-Allow-Methods": "'OPTIONS,POST'"
                    },
                    "ResponseTemplates": {
                      "application/json": "#set($origin = $input.params(\"Origin\"))\n#if($origin == \"\") #set($origin = $input.params(\"origin\")) #end\n#if($origin.matches(\".+\")) #set($context.responseOverride.header.Access-Control-Allow-Origin = $origin) #end"
                    }
                  }
                ]
              },
              "ResourceId": {
                "Ref": "ApiGatewayResourceSignup"
              },
              "RestApiId": {
                "Ref": "ApiGatewayRestApi"
              }
            }
          },
          "ApiGatewayMethodConfirmsignupOptions": {
            "Type": "AWS::ApiGateway::Method",
            "Properties": {
              "AuthorizationType": "NONE",
              "HttpMethod": "OPTIONS",
              "MethodResponses": [
                {
                  "StatusCode": "200",
                  "ResponseParameters": {
                    "method.response.header.Access-Control-Allow-Origin": true,
                    "method.response.header.Access-Control-Allow-Headers": true,
                    "method.response.header.Access-Control-Allow-Methods": true
                  },
                  "ResponseModels": {}
                }
              ],
              "RequestParameters": {},
              "Integration": {
                "Type": "MOCK",
                "RequestTemplates": {
                  "application/json": "{statusCode:200}"
                },
                "ContentHandling": "CONVERT_TO_TEXT",
                "IntegrationResponses": [
                  {
                    "StatusCode": "200",
                    "ResponseParameters": {
                      "method.response.header.Access-Control-Allow-Origin": "'*'",
                      "method.response.header.Access-Control-Allow-Headers": "'Content-Type,X-Amz-Date,Authorization,X-Api-Key,X-Amz-Security-Token,X-Amz-User-Agent'",
                      "method.response.header.Access-Control-Allow-Methods": "'OPTIONS,POST'"
                    },
                    "ResponseTemplates": {
                      "application/json": "#set($origin = $input.params(\"Origin\"))\n#if($origin == \"\") #set($origin = $input.params(\"origin\")) #end\n#if($origin.matches(\".+\")) #set($context.responseOverride.header.Access-Control-Allow-Origin = $origin) #end"
                    }
                  }
                ]
              },
              "ResourceId": {
                "Ref": "ApiGatewayResourceConfirmsignup"
              },
              "RestApiId": {
                "Ref": "ApiGatewayRestApi"
              }
            }
          },
          "ApiGatewayMethodGamesGet": {
            "Type": "AWS::ApiGateway::Method",
            "Properties": {
              "HttpMethod": "GET",
              "RequestParameters": {},
              "ResourceId": {
                "Ref": "ApiGatewayResourceGames"
              },
              "RestApiId": {
                "Ref": "ApiGatewayRestApi"
              },
              "ApiKeyRequired": true,
              "AuthorizationType": "COGNITO_USER_POOLS",
              "AuthorizerId": {
                "Ref": "MyAuthorizer"
              },
              "Integration": {
                "IntegrationHttpMethod": "POST",
                "Type": "AWS_PROXY",
                "Uri": {
                  "Fn::Join": [
                    "",
                    [
                      "arn:",
                      {
                        "Ref": "AWS::Partition"
                      },
                      ":apigateway:",
                      {
                        "Ref": "AWS::Region"
                      },
                      ":lambda:path/2015-03-31/functions/",
                      {
                        "Fn::GetAtt": [
                          "ReadLambdaFunction",
                          "Arn"
                        ]
                      },
                      "/invocations"
                    ]
                  ]
                }
              },
              "MethodResponses": []
            }
          },
          "ApiGatewayMethodGamesIdVarGet": {
            "Type": "AWS::ApiGateway::Method",
            "Properties": {
              "HttpMethod": "GET",
              "RequestParameters": {},
              "ResourceId": {
                "Ref": "ApiGatewayResourceGamesIdVar"
              },
              "RestApiId": {
                "Ref": "ApiGatewayRestApi"
              },
              "ApiKeyRequired": true,
              "AuthorizationType": "COGNITO_USER_POOLS",
              "AuthorizerId": {
                "Ref": "MyAuthorizer"
              },
              "Integration": {
                "IntegrationHttpMethod": "POST",
                "Type": "AWS_PROXY",
                "Uri": {
                  "Fn::Join": [
                    "",
                    [
                      "arn:",
                      {
                        "Ref": "AWS::Partition"
                      },
                      ":apigateway:",
                      {
                        "Ref": "AWS::Region"
                      },
                      ":lambda:path/2015-03-31/functions/",
                      {
                        "Fn::GetAtt": [
                          "ReadLambdaFunction",
                          "Arn"
                        ]
                      },
                      "/invocations"
                    ]
                  ]
                }
              },
              "MethodResponses": []
            }
          },
          "ApiGatewayMethodGamesPost": {
            "Type": "AWS::ApiGateway::Method",
            "Properties": {
              "HttpMethod": "POST",
              "RequestParameters": {},
              "ResourceId": {
                "Ref": "ApiGatewayResourceGames"
              },
              "RestApiId": {
                "Ref": "ApiGatewayRestApi"
              },
              "ApiKeyRequired": true,
              "AuthorizationType": "COGNITO_USER_POOLS",
              "AuthorizerId": {
                "Ref": "MyAuthorizer"
              },
              "Integration": {
                "IntegrationHttpMethod": "POST",
                "Type": "AWS_PROXY",
                "Uri": {
                  "Fn::Join": [
                    "",
                    [
                      "arn:",
                      {
                        "Ref": "AWS::Partition"
                      },
                      ":apigateway:",
                      {
                        "Ref": "AWS::Region"
                      },
                      ":lambda:path/2015-03-31/functions/",
                      {
                        "Fn::GetAtt": [
                          "CreateLambdaFunction",
                          "Arn"
                        ]
                      },
                      "/invocations"
                    ]
                  ]
                }
              },
              "MethodResponses": []
            }
          },
          "ApiGatewayMethodGamesDelete": {
            "Type": "AWS::ApiGateway::Method",
            "Properties": {
              "HttpMethod": "DELETE",
              "RequestParameters": {},
              "ResourceId": {
                "Ref": "ApiGatewayResourceGames"
              },
              "RestApiId": {
                "Ref": "ApiGatewayRestApi"
              },
              "ApiKeyRequired": true,
              "AuthorizationType": "COGNITO_USER_POOLS",
              "AuthorizerId": {
                "Ref": "MyAuthorizer"
              },
              "Integration": {
                "IntegrationHttpMethod": "POST",
                "Type": "AWS_PROXY",
                "Uri": {
                  "Fn::Join": [
                    "",
                    [
                      "arn:",
                      {
                        "Ref": "AWS::Partition"
                      },
                      ":apigateway:",
                      {
                        "Ref": "AWS::Region"
                      },
                      ":lambda:path/2015-03-31/functions/",
                      {
                        "Fn::GetAtt": [
                          "DeleteLambdaFunction",
                          "Arn"
                        ]
                      },
                      "/invocations"
                    ]
                  ]
                }
              },
              "MethodResponses": []
            }
          },
          "ApiGatewayMethodLoginPost": {
            "Type": "AWS::ApiGateway::Method",
            "Properties": {
              "HttpMethod": "POST",
              "RequestParameters": {},
              "ResourceId": {
                "Ref": "ApiGatewayResourceLogin"
              },
              "RestApiId": {
                "Ref": "ApiGatewayRestApi"
              },
              "ApiKeyRequired": true,
              "AuthorizationType": "NONE",
              "Integration": {
                "IntegrationHttpMethod": "POST",
                "Type": "AWS_PROXY",
                "Uri": {
                  "Fn::Join": [
                    "",
                    [
                      "arn:",
                      {
                        "Ref": "AWS::Partition"
                      },
                      ":apigateway:",
                      {
                        "Ref": "AWS::Region"
                      },
                      ":lambda:path/2015-03-31/functions/",
                      {
                        "Fn::GetAtt": [
                          "LoginLambdaFunction",
                          "Arn"
                        ]
                      },
                      "/invocations"
                    ]
                  ]
                }
              },
              "MethodResponses": []
            }
          },
          "ApiGatewayMethodSignupPost": {
            "Type": "AWS::ApiGateway::Method",
            "Properties": {
              "HttpMethod": "POST",
              "RequestParameters": {},
              "ResourceId": {
                "Ref": "ApiGatewayResourceSignup"
              },
              "RestApiId": {
                "Ref": "ApiGatewayRestApi"
              },
              "ApiKeyRequired": true,
              "AuthorizationType": "NONE",
              "Integration": {
                "IntegrationHttpMethod": "POST",
                "Type": "AWS_PROXY",
                "Uri": {
                  "Fn::Join": [
                    "",
                    [
                      "arn:",
                      {
                        "Ref": "AWS::Partition"
                      },
                      ":apigateway:",
                      {
                        "Ref": "AWS::Region"
                      },
                      ":lambda:path/2015-03-31/functions/",
                      {
                        "Fn::GetAtt": [
                          "SignupLambdaFunction",
                          "Arn"
                        ]
                      },
                      "/invocations"
                    ]
                  ]
                }
              },
              "MethodResponses": []
            }
          },
          "ApiGatewayMethodConfirmsignupPost": {
            "Type": "AWS::ApiGateway::Method",
            "Properties": {
              "HttpMethod": "POST",
              "RequestParameters": {},
              "ResourceId": {
                "Ref": "ApiGatewayResourceConfirmsignup"
              },
              "RestApiId": {
                "Ref": "ApiGatewayRestApi"
              },
              "ApiKeyRequired": true,
              "AuthorizationType": "NONE",
              "Integration": {
                "IntegrationHttpMethod": "POST",
                "Type": "AWS_PROXY",
                "Uri": {
                  "Fn::Join": [
                    "",
                    [
                      "arn:",
                      {
                        "Ref": "AWS::Partition"
                      },
                      ":apigateway:",
                      {
                        "Ref": "AWS::Region"
                      },
                      ":lambda:path/2015-03-31/functions/",
                      {
                        "Fn::GetAtt": [
                          "ConfirmsignupLambdaFunction",
                          "Arn"
                        ]
                      },
                      "/invocations"
                    ]
                  ]
                }
              },
              "MethodResponses": []
            }
          },
          "ApiGatewayDeployment1595500944335": {
            "Type": "AWS::ApiGateway::Deployment",
            "Properties": {
              "RestApiId": {
                "Ref": "ApiGatewayRestApi"
              },
              "StageName": "dev"
            },
            "DependsOn": [
              "ApiGatewayMethodGamesOptions",
              "ApiGatewayMethodGamesIdVarOptions",
              "ApiGatewayMethodLoginOptions",
              "ApiGatewayMethodSignupOptions",
              "ApiGatewayMethodConfirmsignupOptions",
              "ApiGatewayMethodGamesGet",
              "ApiGatewayMethodGamesIdVarGet",
              "ApiGatewayMethodGamesPost",
              "ApiGatewayMethodGamesDelete",
              "ApiGatewayMethodLoginPost",
              "ApiGatewayMethodSignupPost",
              "ApiGatewayMethodConfirmsignupPost"
            ]
          },
          "ApiGatewayApiKey1": {
            "Type": "AWS::ApiGateway::ApiKey",
            "Properties": {
              "Enabled": true,
              "Name": "apiKeyGames-dev",
              "StageKeys": [
                {
                  "RestApiId": {
                    "Ref": "ApiGatewayRestApi"
                  },
                  "StageName": "dev"
                }
              ]
            },
            "DependsOn": "ApiGatewayDeployment1595500944335"
          },
          "ApiGatewayUsagePlan": {
            "Type": "AWS::ApiGateway::UsagePlan",
            "DependsOn": "ApiGatewayDeployment1595500944335",
            "Properties": {
              "ApiStages": [
                {
                  "ApiId": {
                    "Ref": "ApiGatewayRestApi"
                  },
                  "Stage": "dev"
                }
              ],
              "Description": "Usage plan for apiGames dev stage",
              "UsagePlanName": "apiGames-dev",
              "Quota": {
                "Limit": 1000,
                "Offset": 0,
                "Period": "DAY"
              },
              "Throttle": {
                "BurstLimit": 200,
                "RateLimit": 100
              }
            }
          },
          "ApiGatewayUsagePlanKey1": {
            "Type": "AWS::ApiGateway::UsagePlanKey",
            "Properties": {
              "KeyId": {
                "Ref": "ApiGatewayApiKey1"
              },
              "KeyType": "API_KEY",
              "UsagePlanId": {
                "Ref": "ApiGatewayUsagePlan"
              }
            }
          },
          "ReadLambdaPermissionApiGateway": {
            "Type": "AWS::Lambda::Permission",
            "Properties": {
              "FunctionName": {
                "Fn::GetAtt": [
                  "ReadLambdaFunction",
                  "Arn"
                ]
              },
              "Action": "lambda:InvokeFunction",
              "Principal": "apigateway.amazonaws.com",
              "SourceArn": {
                "Fn::Join": [
                  "",
                  [
                    "arn:",
                    {
                      "Ref": "AWS::Partition"
                    },
                    ":execute-api:",
                    {
                      "Ref": "AWS::Region"
                    },
                    ":",
                    {
                      "Ref": "AWS::AccountId"
                    },
                    ":",
                    {
                      "Ref": "ApiGatewayRestApi"
                    },
                    "/*/*"
                  ]
                ]
              }
            }
          },
          "CreateLambdaPermissionApiGateway": {
            "Type": "AWS::Lambda::Permission",
            "Properties": {
              "FunctionName": {
                "Fn::GetAtt": [
                  "CreateLambdaFunction",
                  "Arn"
                ]
              },
              "Action": "lambda:InvokeFunction",
              "Principal": "apigateway.amazonaws.com",
              "SourceArn": {
                "Fn::Join": [
                  "",
                  [
                    "arn:",
                    {
                      "Ref": "AWS::Partition"
                    },
                    ":execute-api:",
                    {
                      "Ref": "AWS::Region"
                    },
                    ":",
                    {
                      "Ref": "AWS::AccountId"
                    },
                    ":",
                    {
                      "Ref": "ApiGatewayRestApi"
                    },
                    "/*/*"
                  ]
                ]
              }
            }
          },
          "DeleteLambdaPermissionApiGateway": {
            "Type": "AWS::Lambda::Permission",
            "Properties": {
              "FunctionName": {
                "Fn::GetAtt": [
                  "DeleteLambdaFunction",
                  "Arn"
                ]
              },
              "Action": "lambda:InvokeFunction",
              "Principal": "apigateway.amazonaws.com",
              "SourceArn": {
                "Fn::Join": [
                  "",
                  [
                    "arn:",
                    {
                      "Ref": "AWS::Partition"
                    },
                    ":execute-api:",
                    {
                      "Ref": "AWS::Region"
                    },
                    ":",
                    {
                      "Ref": "AWS::AccountId"
                    },
                    ":",
                    {
                      "Ref": "ApiGatewayRestApi"
                    },
                    "/*/*"
                  ]
                ]
              }
            }
          },
          "LoginLambdaPermissionApiGateway": {
            "Type": "AWS::Lambda::Permission",
            "Properties": {
              "FunctionName": {
                "Fn::GetAtt": [
                  "LoginLambdaFunction",
                  "Arn"
                ]
              },
              "Action": "lambda:InvokeFunction",
              "Principal": "apigateway.amazonaws.com",
              "SourceArn": {
                "Fn::Join": [
                  "",
                  [
                    "arn:",
                    {
                      "Ref": "AWS::Partition"
                    },
                    ":execute-api:",
                    {
                      "Ref": "AWS::Region"
                    },
                    ":",
                    {
                      "Ref": "AWS::AccountId"
                    },
                    ":",
                    {
                      "Ref": "ApiGatewayRestApi"
                    },
                    "/*/*"
                  ]
                ]
              }
            }
          },
          "SignupLambdaPermissionApiGateway": {
            "Type": "AWS::Lambda::Permission",
            "Properties": {
              "FunctionName": {
                "Fn::GetAtt": [
                  "SignupLambdaFunction",
                  "Arn"
                ]
              },
              "Action": "lambda:InvokeFunction",
              "Principal": "apigateway.amazonaws.com",
              "SourceArn": {
                "Fn::Join": [
                  "",
                  [
                    "arn:",
                    {
                      "Ref": "AWS::Partition"
                    },
                    ":execute-api:",
                    {
                      "Ref": "AWS::Region"
                    },
                    ":",
                    {
                      "Ref": "AWS::AccountId"
                    },
                    ":",
                    {
                      "Ref": "ApiGatewayRestApi"
                    },
                    "/*/*"
                  ]
                ]
              }
            }
          },
          "ConfirmsignupLambdaPermissionApiGateway": {
            "Type": "AWS::Lambda::Permission",
            "Properties": {
              "FunctionName": {
                "Fn::GetAtt": [
                  "ConfirmsignupLambdaFunction",
                  "Arn"
                ]
              },
              "Action": "lambda:InvokeFunction",
              "Principal": "apigateway.amazonaws.com",
              "SourceArn": {
                "Fn::Join": [
                  "",
                  [
                    "arn:",
                    {
                      "Ref": "AWS::Partition"
                    },
                    ":execute-api:",
                    {
                      "Ref": "AWS::Region"
                    },
                    ":",
                    {
                      "Ref": "AWS::AccountId"
                    },
                    ":",
                    {
                      "Ref": "ApiGatewayRestApi"
                    },
                    "/*/*"
                  ]
                ]
              }
            }
          },
          "Books2": {
            "Type": "AWS::DynamoDB::Table",
            "Properties": {
              "TableName": "Books2",
              "AttributeDefinitions": [
                {
                  "AttributeName": "id",
                  "AttributeType": "S"
                }
              ],
              "KeySchema": [
                {
                  "AttributeName": "id",
                  "KeyType": "HASH"
                }
              ],
              "ProvisionedThroughput": {
                "ReadCapacityUnits": 1,
                "WriteCapacityUnits": 1
              }
            }
          },
          "MyCognitoPool": {
            "Type": "AWS::Cognito::UserPool",
            "Properties": {
              "UserPoolName": "MyCognitoPool-dev",
              "Policies": {
                "PasswordPolicy": {
                  "MinimumLength": 8,
                  "RequireLowercase": true,
                  "RequireNumbers": true,
                  "RequireSymbols": true,
                  "RequireUppercase": true,
                  "TemporaryPasswordValidityDays": 15
                }
              },
              "UsernameAttributes": [
                "email"
              ],
              "AutoVerifiedAttributes": [
                "email"
              ],
              "EmailVerificationMessage": "El teu codi de verificació es {####}",
              "EmailVerificationSubject": "El codi per a MyApp",
              "MfaConfiguration": "OFF",
              "UserPoolTags": {
                "Env": "dev"
              },
              "AdminCreateUserConfig": {
                "AllowAdminCreateUserOnly": false,
                "InviteMessageTemplate": {
                  "EmailMessage": "Aquesta es la teva contrassenya de {username} : {####}",
                  "EmailSubject": "El teu compte per a MyApp"
                }
              },
              "UsernameConfiguration": {
                "CaseSensitive": false
              }
            }
          },
          "MyCognitoPoolClient": {
            "Type": "AWS::Cognito::UserPoolClient",
            "Properties": {
              "ClientName": "MyCognitoPoolClient-dev",
              "ExplicitAuthFlows": [
                "USER_PASSWORD_AUTH"
              ],
              "RefreshTokenValidity": 30,
              "UserPoolId": {
                "Ref": "MyCognitoPool"
              }
            }
          },
          "MyAuthorizer": {
            "Type": "AWS::ApiGateway::Authorizer",
            "Properties": {
              "Name": "MyAuthorizer-dev",
              "RestApiId": {
                "Ref": "ApiGatewayRestApi"
              },
              "Type": "COGNITO_USER_POOLS",
              "ProviderARNs": [
                {
                  "Fn::GetAtt": [
                    "MyCognitoPool",
                    "Arn"
                  ]
                }
              ],
              "IdentitySource": "method.request.header.Authorization"
            }
          }
        },
        "Outputs": {
          "ServerlessDeploymentBucketName": {
            "Value": {
              "Ref": "ServerlessDeploymentBucket"
            }
          },
          "ReadLambdaFunctionQualifiedArn": {
            "Description": "Current Lambda function version",
            "Value": {
              "Ref": "ReadLambdaVersionCZp0zFDFCONg2IOMgonmhIB30IdupLeVOZBTwEoCi4"
            }
          },
          "CreateLambdaFunctionQualifiedArn": {
            "Description": "Current Lambda function version",
            "Value": {
              "Ref": "CreateLambdaVersionSNl5SRQ96rJbpPnxnX30MzmSxOfAuAGPmY6wD5H8GM"
            }
          },
          "DeleteLambdaFunctionQualifiedArn": {
            "Description": "Current Lambda function version",
            "Value": {
              "Ref": "DeleteLambdaVersion2lS7HIGqMC42eTpKoxV0uK1GhUYTkDGc7Fnoz9rNuc"
            }
          },
          "LoginLambdaFunctionQualifiedArn": {
            "Description": "Current Lambda function version",
            "Value": {
              "Ref": "LoginLambdaVersionIt4jLUGSoEoQuuBoyrwuJo3sBb1OXBHjpnBqkbWXw"
            }
          },
          "SignupLambdaFunctionQualifiedArn": {
            "Description": "Current Lambda function version",
            "Value": {
              "Ref": "SignupLambdaVersionsPP1Fy2VI8lQz4MvByj8lTXojm3E24ppmAWpwNuXrc"
            }
          },
          "ConfirmsignupLambdaFunctionQualifiedArn": {
            "Description": "Current Lambda function version",
            "Value": {
              "Ref": "ConfirmsignupLambdaVersionleiZtOKi0u2hOd9hTsa2wm49JQmMjldsVZKtzno4Fh8"
            }
          },
          "ServiceEndpoint": {
            "Description": "URL of the service endpoint",
            "Value": {
              "Fn::Join": [
                "",
                [
                  "https://",
                  {
                    "Ref": "ApiGatewayRestApi"
                  },
                  ".execute-api.",
                  {
                    "Ref": "AWS::Region"
                  },
                  ".",
                  {
                    "Ref": "AWS::URLSuffix"
                  },
                  "/dev"
                ]
              ]
            }
          }
        }
      },
      "coreCloudFormationTemplate": {
        "AWSTemplateFormatVersion": "2010-09-09",
        "Description": "The AWS CloudFormation template for this Serverless application",
        "Resources": {
          "ServerlessDeploymentBucket": {
            "Type": "AWS::S3::Bucket",
            "Properties": {
              "BucketEncryption": {
                "ServerSideEncryptionConfiguration": [
                  {
                    "ServerSideEncryptionByDefault": {
                      "SSEAlgorithm": "AES256"
                    }
                  }
                ]
              }
            }
          },
          "ServerlessDeploymentBucketPolicy": {
            "Type": "AWS::S3::BucketPolicy",
            "Properties": {
              "Bucket": {
                "Ref": "ServerlessDeploymentBucket"
              },
              "PolicyDocument": {
                "Statement": [
                  {
                    "Action": "s3:*",
                    "Effect": "Deny",
                    "Principal": "*",
                    "Resource": [
                      {
                        "Fn::Join": [
                          "",
                          [
                            "arn:",
                            {
                              "Ref": "AWS::Partition"
                            },
                            ":s3:::",
                            {
                              "Ref": "ServerlessDeploymentBucket"
                            },
                            "/*"
                          ]
                        ]
                      }
                    ],
                    "Condition": {
                      "Bool": {
                        "aws:SecureTransport": false
                      }
                    }
                  }
                ]
              }
            }
          }
        },
        "Outputs": {
          "ServerlessDeploymentBucketName": {
            "Value": {
              "Ref": "ServerlessDeploymentBucket"
            }
          }
        }
      },
      "vpc": {}
    },
    "pluginsData": {},
    "functions": {
      "read": {
        "handler": "games/read.handler",
        "events": [
          {
            "http": {
              "path": "games",
              "method": "get",
              "private": true,
              "cors": {
                "origins": [
                  "*"
                ],
                "origin": "*",
                "methods": [
                  "OPTIONS",
                  "GET"
                ],
                "headers": [
                  "Content-Type",
                  "X-Amz-Date",
                  "Authorization",
                  "X-Api-Key",
                  "X-Amz-Security-Token",
                  "X-Amz-User-Agent"
                ],
                "allowCredentials": false
              },
              "authorizer": {
                "type": "COGNITO_USER_POOLS",
                "managedExternally": false,
                "authorizerId": {
                  "Ref": "MyAuthorizer"
                },
                "resultTtlInSeconds": 300,
                "identitySource": "method.request.header.Authorization",
                "claims": []
              },
              "integration": "AWS_PROXY"
            }
          },
          {
            "http": {
              "path": "games/{id}",
              "method": "get",
              "private": true,
              "cors": {
                "origins": [
                  "*"
                ],
                "origin": "*",
                "methods": [
                  "OPTIONS",
                  "GET"
                ],
                "headers": [
                  "Content-Type",
                  "X-Amz-Date",
                  "Authorization",
                  "X-Api-Key",
                  "X-Amz-Security-Token",
                  "X-Amz-User-Agent"
                ],
                "allowCredentials": false
              },
              "authorizer": {
                "type": "COGNITO_USER_POOLS",
                "managedExternally": false,
                "authorizerId": {
                  "Ref": "MyAuthorizer"
                },
                "resultTtlInSeconds": 300,
                "identitySource": "method.request.header.Authorization",
                "claims": []
              },
              "integration": "AWS_PROXY"
            }
          }
        ],
        "name": "apiGames-dev-read",
        "package": {},
        "memory": 1024,
        "timeout": 6,
        "runtime": "python3.8",
        "vpc": {},
        "versionLogicalId": "ReadLambdaVersionCZp0zFDFCONg2IOMgonmhIB30IdupLeVOZBTwEoCi4"
      },
      "create": {
        "handler": "games/create.handler",
        "events": [
          {
            "http": {
              "path": "games",
              "method": "post",
              "private": true,
              "cors": {
                "origins": [
                  "*"
                ],
                "origin": "*",
                "methods": [
                  "OPTIONS",
                  "POST"
                ],
                "headers": [
                  "Content-Type",
                  "X-Amz-Date",
                  "Authorization",
                  "X-Api-Key",
                  "X-Amz-Security-Token",
                  "X-Amz-User-Agent"
                ],
                "allowCredentials": false
              },
              "authorizer": {
                "type": "COGNITO_USER_POOLS",
                "managedExternally": false,
                "authorizerId": {
                  "Ref": "MyAuthorizer"
                },
                "resultTtlInSeconds": 300,
                "identitySource": "method.request.header.Authorization",
                "claims": []
              },
              "integration": "AWS_PROXY"
            }
          }
        ],
        "name": "apiGames-dev-create",
        "package": {},
        "memory": 1024,
        "timeout": 6,
        "runtime": "python3.8",
        "vpc": {},
        "versionLogicalId": "CreateLambdaVersionSNl5SRQ96rJbpPnxnX30MzmSxOfAuAGPmY6wD5H8GM"
      },
      "delete": {
        "handler": "games/delete.handler",
        "events": [
          {
            "http": {
              "path": "games",
              "method": "delete",
              "private": true,
              "cors": {
                "origins": [
                  "*"
                ],
                "origin": "*",
                "methods": [
                  "OPTIONS",
                  "DELETE"
                ],
                "headers": [
                  "Content-Type",
                  "X-Amz-Date",
                  "Authorization",
                  "X-Api-Key",
                  "X-Amz-Security-Token",
                  "X-Amz-User-Agent"
                ],
                "allowCredentials": false
              },
              "authorizer": {
                "type": "COGNITO_USER_POOLS",
                "managedExternally": false,
                "authorizerId": {
                  "Ref": "MyAuthorizer"
                },
                "resultTtlInSeconds": 300,
                "identitySource": "method.request.header.Authorization",
                "claims": []
              },
              "integration": "AWS_PROXY"
            }
          }
        ],
        "name": "apiGames-dev-delete",
        "package": {},
        "memory": 1024,
        "timeout": 6,
        "runtime": "python3.8",
        "vpc": {},
        "versionLogicalId": "DeleteLambdaVersion2lS7HIGqMC42eTpKoxV0uK1GhUYTkDGc7Fnoz9rNuc"
      },
      "login": {
        "handler": "users/login.handler",
        "events": [
          {
            "http": {
              "path": "login",
              "method": "post",
              "private": true,
              "cors": {
                "origins": [
                  "*"
                ],
                "origin": "*",
                "methods": [
                  "OPTIONS",
                  "POST"
                ],
                "headers": [
                  "Content-Type",
                  "X-Amz-Date",
                  "Authorization",
                  "X-Api-Key",
                  "X-Amz-Security-Token",
                  "X-Amz-User-Agent"
                ],
                "allowCredentials": false
              },
              "integration": "AWS_PROXY"
            }
          }
        ],
        "name": "apiGames-dev-login",
        "package": {},
        "memory": 1024,
        "timeout": 6,
        "runtime": "python3.8",
        "vpc": {},
        "versionLogicalId": "LoginLambdaVersionIt4jLUGSoEoQuuBoyrwuJo3sBb1OXBHjpnBqkbWXw"
      },
      "signup": {
        "handler": "users/signup.handler",
        "events": [
          {
            "http": {
              "path": "signup",
              "method": "post",
              "private": true,
              "cors": {
                "origins": [
                  "*"
                ],
                "origin": "*",
                "methods": [
                  "OPTIONS",
                  "POST"
                ],
                "headers": [
                  "Content-Type",
                  "X-Amz-Date",
                  "Authorization",
                  "X-Api-Key",
                  "X-Amz-Security-Token",
                  "X-Amz-User-Agent"
                ],
                "allowCredentials": false
              },
              "integration": "AWS_PROXY"
            }
          }
        ],
        "name": "apiGames-dev-signup",
        "package": {},
        "memory": 1024,
        "timeout": 6,
        "runtime": "python3.8",
        "vpc": {},
        "versionLogicalId": "SignupLambdaVersionsPP1Fy2VI8lQz4MvByj8lTXojm3E24ppmAWpwNuXrc"
      },
      "confirmsignup": {
        "handler": "users/confirmsignup.handler",
        "events": [
          {
            "http": {
              "path": "confirmsignup",
              "method": "post",
              "private": true,
              "cors": {
                "origins": [
                  "*"
                ],
                "origin": "*",
                "methods": [
                  "OPTIONS",
                  "POST"
                ],
                "headers": [
                  "Content-Type",
                  "X-Amz-Date",
                  "Authorization",
                  "X-Api-Key",
                  "X-Amz-Security-Token",
                  "X-Amz-User-Agent"
                ],
                "allowCredentials": false
              },
              "integration": "AWS_PROXY"
            }
          }
        ],
        "name": "apiGames-dev-confirmsignup",
        "package": {},
        "memory": 1024,
        "timeout": 6,
        "runtime": "python3.8",
        "vpc": {},
        "versionLogicalId": "ConfirmsignupLambdaVersionleiZtOKi0u2hOd9hTsa2wm49JQmMjldsVZKtzno4Fh8"
      }
    },
    "resources": {
      "Resources": {
        "Books2": {
          "Type": "AWS::DynamoDB::Table",
          "Properties": {
            "TableName": "Books2",
            "AttributeDefinitions": [
              {
                "AttributeName": "id",
                "AttributeType": "S"
              }
            ],
            "KeySchema": [
              {
                "AttributeName": "id",
                "KeyType": "HASH"
              }
            ],
            "ProvisionedThroughput": {
              "ReadCapacityUnits": 1,
              "WriteCapacityUnits": 1
            }
          }
        },
        "MyCognitoPool": {
          "Type": "AWS::Cognito::UserPool",
          "Properties": {
            "UserPoolName": "MyCognitoPool-dev",
            "Policies": {
              "PasswordPolicy": {
                "MinimumLength": 8,
                "RequireLowercase": true,
                "RequireNumbers": true,
                "RequireSymbols": true,
                "RequireUppercase": true,
                "TemporaryPasswordValidityDays": 15
              }
            },
            "UsernameAttributes": [
              "email"
            ],
            "AutoVerifiedAttributes": [
              "email"
            ],
            "EmailVerificationMessage": "El teu codi de verificació es {####}",
            "EmailVerificationSubject": "El codi per a MyApp",
            "MfaConfiguration": "OFF",
            "UserPoolTags": {
              "Env": "dev"
            },
            "AdminCreateUserConfig": {
              "AllowAdminCreateUserOnly": false,
              "InviteMessageTemplate": {
                "EmailMessage": "Aquesta es la teva contrassenya de {username} : {####}",
                "EmailSubject": "El teu compte per a MyApp"
              }
            },
            "UsernameConfiguration": {
              "CaseSensitive": false
            }
          }
        },
        "MyCognitoPoolClient": {
          "Type": "AWS::Cognito::UserPoolClient",
          "Properties": {
            "ClientName": "MyCognitoPoolClient-dev",
            "ExplicitAuthFlows": [
              "USER_PASSWORD_AUTH"
            ],
            "RefreshTokenValidity": 30,
            "UserPoolId": {
              "Ref": "MyCognitoPool"
            }
          }
        },
        "MyAuthorizer": {
          "Type": "AWS::ApiGateway::Authorizer",
          "Properties": {
            "Name": "MyAuthorizer-dev",
            "RestApiId": {
              "Ref": "ApiGatewayRestApi"
            },
            "Type": "COGNITO_USER_POOLS",
            "ProviderARNs": [
              {
                "Fn::GetAtt": [
                  "MyCognitoPool",
                  "Arn"
                ]
              }
            ],
            "IdentitySource": "method.request.header.Authorization"
          }
        }
      },
      "Outputs": {}
    },
    "serviceFilename": "serverless.yml",
    "layers": {},
    "isDashboardMonitoringPreconfigured": false,
    "artifact": "/home/mireia/myweb/apiGames/.serverless/apiGames.zip"
  },
  "package": {
    "artifactDirectoryName": "serverless/apiGames/dev/1595500946834-2020-07-23T10:42:26.834Z",
    "artifact": "apiGames.zip"
  }
}